{"korean":{"1":7.46,"2":8.0212765957,"3":6.9,"9":7.1666666667,"13":7.3913043478,"17":9.5,"18":6.0833333333,"19":8.7936507937,"20":9.1304347826,"21":7.9333333333},"japanese":{"1":7.4166666667,"2":7.9523809524,"3":7.1428571429,"9":7.3333333333,"13":6.7727272727,"17":8.8235294118,"18":6.2727272727,"19":7.6666666667,"20":9.7857142857,"21":7.4090909091},"chinese":{"1":7.3846153846,"2":8.2352941176,"3":7.2727272727,"9":8.4285714286,"13":7.5294117647,"17":9.1538461538,"18":6.3157894737,"19":8.5238095238,"20":null,"21":7.8235294118},"western":{"1":8.9230769231,"2":9.1538461538,"3":6.3125,"9":8.7272727273,"13":6.5714285714,"17":9.6666666667,"18":6.6666666667,"19":8.8666666667,"20":null,"21":8.5833333333},"fried":{"1":8.125,"2":8.6111111111,"3":7.72,"9":8.5,"13":7.4375,"17":9.2777777778,"18":6.0,"19":8.625,"20":9.6666666667,"21":8.0},"grilled":{"1":8.5833333333,"2":9.1666666667,"3":7.5263157895,"9":8.75,"13":7.9230769231,"17":9.5,"18":6.5333333333,"19":8.25,"20":9.0,"21":8.3636363636},"soup":{"1":6.7058823529,"2":8.0526315789,"3":6.625,"9":8.0,"13":6.6,"17":9.0,"18":5.6363636364,"19":8.5769230769,"20":10.0,"21":8.1333333333},"stir_fried":{"1":6.5263157895,"2":7.56,"3":6.6896551724,"9":7.5,"13":7.1363636364,"17":9.2105263158,"18":6.25,"19":8.5,"20":9.125,"21":8.2380952381},"raw":{"1":9.0,"2":8.6,"3":6.8888888889,"9":6.6666666667,"13":8.0,"17":9.6666666667,"18":5.0,"19":7.8888888889,"20":7.6666666667,"21":8.4},"steamed":{"1":8.3333333333,"2":7.8666666667,"3":6.1666666667,"9":8.6666666667,"13":6.2857142857,"17":9.3636363636,"18":6.4705882353,"19":7.875,"20":9.0,"21":6.5833333333},"beverage":{"1":7.5,"2":6.0,"3":6.2,"9":9.0,"13":5.0,"17":9.0,"18":7.0,"19":7.3333333333,"20":10.0,"21":6.3333333333},"asian":{"1":5.0,"2":7.0,"3":3.875,"9":8.0,"13":5.0,"17":9.2,"18":7.0,"19":6.3333333333,"20":null,"21":7.0},"sweetness":{"1":8.5625,"2":7.8823529412,"3":7.2307692308,"9":6.5,"13":6.3333333333,"17":9.5,"18":5.28,"19":7.7826086957,"20":10.0,"21":6.5},"sour_taste":{"1":7.8,"2":7.3333333333,"3":6.3,"9":5.6666666667,"13":7.5,"17":9.75,"18":5.625,"19":7.2857142857,"20":6.0,"21":8.6666666667},"spicy":{"1":7.0869565217,"2":8.0,"3":7.75,"9":7.2307692308,"13":7.1428571429,"17":9.5,"18":5.7419354839,"19":8.8857142857,"20":8.0,"21":7.7619047619},"noodle":{"1":7.4117647059,"2":8.15,"3":6.0476190476,"9":8.5714285714,"13":6.7368421053,"17":9.1538461538,"18":6.5238095238,"19":9.0,"20":10.0,"21":8.3529411765},"seafood":{"1":7.7058823529,"2":8.4736842105,"3":6.6,"9":8.1111111111,"13":5.65,"17":9.3529411765,"18":5.3703703704,"19":8.1612903226,"20":8.125,"21":6.8823529412},"meat":{"1":8.0789473684,"2":8.4565217391,"3":7.4126984127,"9":8.3333333333,"13":8.0930232558,"17":9.4102564103,"18":6.2678571429,"19":8.7407407407,"20":9.6315789474,"21":8.0666666667},"vegetable":{"1":6.9375,"2":7.7948717949,"3":6.8260869565,"9":6.3333333333,"13":6.9393939394,"17":9.1290322581,"18":5.8888888889,"19":8.4090909091,"20":9.3,"21":8.0606060606},"spice":{"1":7.3333333333,"2":7.5555555556,"3":4.9,"9":9.0,"13":6.3333333333,"17":9.2,"18":6.7777777778,"19":6.75,"20":null,"21":7.6666666667},"rice":{"1":7.4444444444,"2":8.0,"3":6.2962962963,"9":7.5555555556,"13":7.2083333333,"17":9.3181818182,"18":6.0869565217,"19":8.3181818182,"20":9.5454545455,"21":7.55},"dessert":{"1":8.5454545455,"2":7.5,"3":7.1176470588,"9":5.75,"13":5.0,"17":9.6666666667,"18":5.375,"19":7.2666666667,"20":10.0,"21":5.6},"wheat":{"1":8.5625,"2":8.3684210526,"3":6.962962963,"9":7.6,"13":6.2777777778,"17":9.3125,"18":5.7391304348,"19":8.25,"20":10.0,"21":7.7692307692},"soda":{"1":10.0,"2":null,"3":6.3333333333,"9":null,"13":2.0,"17":null,"18":6.0,"19":8.0,"20":null,"21":null},"slimy":{"1":6.75,"2":7.8,"3":7.1,"9":8.0,"13":3.25,"17":9.5,"18":5.2222222222,"19":8.7142857143,"20":10.0,"21":8.0},"fruit":{"1":8.0,"2":8.3333333333,"3":7.6666666667,"9":null,"13":5.5,"17":null,"18":4.0,"19":7.3333333333,"20":null,"21":null},"stinky":{"1":3.0,"2":6.0,"3":5.6666666667,"9":null,"13":null,"17":10.0,"18":6.0,"19":7.5,"20":null,"21":null},"chewy":{"1":9.0,"2":10.0,"3":8.5,"9":5.0,"13":9.5,"17":10.0,"18":5.3333333333,"19":7.7777777778,"20":10.0,"21":9.0},"offal":{"1":8.6666666667,"2":10.0,"3":8.875,"9":7.0,"13":9.6666666667,"17":10.0,"18":6.0,"19":8.125,"20":10.0,"21":9.3333333333},"alcohol":{"1":null,"2":null,"3":3.2,"9":null,"13":null,"17":null,"18":null,"19":null,"20":null,"21":null}}