{
    "1": "{\"raw\":1.4022975982,\"western\":1.1343077775,\"meat\":0.6891439869}",
    "2": "{\"korean\":0.0,\"japanese\":0.0,\"offal\":0.0}",
    "3": "{\"soda\":1.2481372565,\"spicy\":1.2176781227,\"offal\":1.1807261676}",
    "9": "{\"noodle\":0.0,\"japanese\":0.0,\"offal\":0.0}",
    "13": "{\"meat\":1.7115177496,\"korean\":0.4581003541,\"rice\":0.34515153}",
    "17": "{\"korean\":0.0,\"japanese\":0.0,\"offal\":0.0}",
    "18": "{\"korean\":0.0,\"japanese\":0.0,\"offal\":0.0}",
    "19": "{\"noodle\":0.8058401052,\"meat\":0.5569220266,\"korean\":0.3840619774}",
    "20": "{\"japanese\":0.1589006422,\"soup\":0.1381031951,\"meat\":0.0830694595}",
    "21": "{\"korean\":0.0,\"japanese\":0.0,\"offal\":0.0}"
}