{"korean":{"1":8.0555555556,"2":8.9,"3":6.8275862069,"9":7.4347826087,"13":8.0,"17":9.5365853659},"japanese":{"1":8.5,"2":8.8571428571,"3":7.9166666667,"9":8.0,"13":7.2666666667,"17":8.9333333333},"chinese":{"1":8.0,"2":9.4166666667,"3":7.4166666667,"9":8.2857142857,"13":7.9166666667,"17":9.1538461538},"western":{"1":8.9166666667,"2":9.2142857143,"3":5.7777777778,"9":8.7272727273,"13":7.1428571429,"17":9.5555555556},"fried":{"1":8.8181818182,"2":9.2857142857,"3":7.9285714286,"9":8.4,"13":8.6666666667,"17":9.25},"grilled":{"1":9.6666666667,"2":9.4444444444,"3":7.8888888889,"9":9.0,"13":7.9166666667,"17":9.5},"soup":{"1":7.7777777778,"2":8.5625,"3":5.625,"9":7.75,"13":6.8571428571,"17":9.4166666667},"stir_fried":{"1":6.7142857143,"2":8.7857142857,"3":5.5714285714,"9":7.125,"13":7.65,"17":9.1764705882},"raw":{"1":9.4,"2":9.6,"3":7.3333333333,"9":7.5,"13":9.5,"17":9.6666666667},"steamed":{"1":8.2727272727,"2":8.7142857143,"3":5.875,"9":8.6666666667,"13":6.0,"17":9.25},"beverage":{"1":6.5,"2":10.0,"3":7.0,"9":9.0,"13":8.5,"17":9.0},"asian":{"1":5.0,"2":8.0,"3":3.3333333333,"9":8.0,"13":4.6666666667,"17":9.0},"sweetness":{"1":9.1428571429,"2":8.8571428571,"3":7.3,"9":7.0,"13":5.5714285714,"17":9.5},"sour_taste":{"1":5.0,"2":null,"3":9.0,"9":8.0,"13":7.5,"17":9.5},"spicy":{"1":7.4285714286,"2":8.9285714286,"3":7.9285714286,"9":7.5,"13":8.0625,"17":9.5263157895},"noodle":{"1":8.2857142857,"2":9.0,"3":6.3333333333,"9":8.8,"13":8.0,"17":9.2222222222},"seafood":{"1":8.5454545455,"2":9.4166666667,"3":7.3333333333,"9":8.5,"13":6.0833333333,"17":9.1538461538},"meat":{"1":8.6538461538,"2":9.0,"3":7.5384615385,"9":8.2666666667,"13":8.5483870968,"17":9.5333333333},"vegetable":{"1":7.7857142857,"2":9.1111111111,"3":6.4666666667,"9":6.5555555556,"13":7.125,"17":9.3461538462},"spice":{"1":7.3333333333,"2":8.6666666667,"3":3.3333333333,"9":9.0,"13":5.5714285714,"17":9.0},"rice":{"1":7.6,"2":8.8461538462,"3":5.7142857143,"9":7.6,"13":8.1875,"17":9.25},"dessert":{"1":9.3333333333,"2":8.6,"3":7.3333333333,"9":6.4,"13":3.75,"17":9.6666666667},"wheat":{"1":9.1111111111,"2":9.1538461538,"3":7.3,"9":7.6666666667,"13":5.5384615385,"17":9.2727272727}}