{
    "1-2": "{\"alcohol\":0.0848139932,\"offal\":0.0022939393,\"steamed\":0.0035291373,\"meat\":0.2472601852,\"stir_fried\":0.2603179934,\"japanese\":0.2615973057}",
    "1-3": "{\"raw\":0.0019379088,\"wheat\":0.0039743553,\"beverage\":0.0108719967,\"chewy\":0.2447677319,\"western\":0.2552784236,\"korean\":0.4443394898}",
    "1-9": "{\"alcohol\":0.1510300366,\"grilled\":0.0016188342,\"noodle\":0.0125189845,\"spicy\":0.3736269347,\"seafood\":0.3748140798,\"western\":0.51111992}",
    "1-13": "{\"alcohol\":0.1126264406,\"rice\":0.0051239622,\"vegetable\":0.0064377986,\"korean\":0.2906206243,\"sweetness\":0.3126930768,\"dessert\":0.3221526993}",
    "1-17": "{\"alcohol\":0.2075489348,\"beverage\":0.021152767,\"chewy\":0.0221600416,\"stir_fried\":0.6557357757,\"vegetable\":0.7040849573,\"meat\":0.7705650821}",
    "1-18": "{\"alcohol\":0.1489965468,\"beverage\":0.0197328738,\"stinky\":0.0329852097,\"sweetness\":0.2714544414,\"meat\":0.3999001588,\"korean\":0.6389883182}",
    "1-19": "{\"alcohol\":0.114238291,\"dessert\":0.0015655232,\"beverage\":0.0026941562,\"spicy\":0.3094274809,\"vegetable\":0.3197672155,\"stir_fried\":0.3480922632}",
    "1-20": "{\"alcohol\":0.41185248,\"slimy\":0.0092865806,\"stinky\":0.0181309431,\"meat\":1.309997491,\"korean\":1.5854993826,\"japanese\":1.6798392492}",
    "1-21": "{\"alcohol\":0.1288512637,\"chewy\":0.0009378074,\"seafood\":0.0105242831,\"sweetness\":0.3703818234,\"meat\":0.3953379204,\"stir_fried\":0.3970051336}",
    "2-3": "{\"wheat\":0.0000841527,\"seafood\":0.0031136486,\"beverage\":0.0053577196,\"rice\":0.3110001937,\"vegetable\":0.3747879127,\"meat\":0.3866253874}",
    "2-9": "{\"alcohol\":0.1608409859,\"stir_fried\":0.0100462251,\"grilled\":0.0188942766,\"vegetable\":0.4176095967,\"japanese\":0.4394532238,\"western\":0.5463671792}",
    "2-13": "{\"alcohol\":0.1112498213,\"chewy\":0.0058719859,\"offal\":0.0062459977,\"vegetable\":0.2428458865,\"wheat\":0.2625189092,\"seafood\":0.2990224646}",
    "2-17": "{\"alcohol\":0.151156261,\"noodle\":0.0040621841,\"spice\":0.0164398981,\"vegetable\":0.4676768695,\"meat\":0.5233048969,\"korean\":0.5790762955}",
    "2-18": "{\"alcohol\":0.173575199,\"slimy\":0.0010882393,\"stinky\":0.0201479727,\"vegetable\":0.449100798,\"korean\":0.4875000977,\"meat\":0.647160344}",
    "2-19": "{\"alcohol\":0.0858848791,\"grilled\":0.0028605146,\"beverage\":0.0082084333,\"chewy\":0.194950291,\"korean\":0.2962809128,\"spicy\":0.3028103483}",
    "2-20": "{\"alcohol\":0.3858853457,\"beverage\":0.0279468943,\"slimy\":0.0288281027,\"meat\":1.0627373058,\"japanese\":1.4182419435,\"korean\":1.7369876031}",
    "2-21": "{\"alcohol\":0.093293126,\"chewy\":0.0064961987,\"soup\":0.0127699249,\"asian\":0.1976001268,\"korean\":0.2756435005,\"sweetness\":0.2785801382}",
    "3-9": "{\"asian\":0.0181168663,\"beverage\":0.0362337326,\"vegetable\":0.042821684,\"fried\":0.3760622245,\"korean\":0.5632698428,\"western\":0.7663983436}",
    "3-13": "{\"sour_taste\":0.0012809905,\"fruit\":0.0217768393,\"soup\":0.0230578298,\"dessert\":0.2690080146,\"sweetness\":0.2895038633,\"seafood\":0.295908816}",
    "3-17": "{\"soup\":0.0142332283,\"stinky\":0.0267584692,\"beverage\":0.0320247636,\"vegetable\":0.8424647822,\"korean\":0.8719275647,\"meat\":0.9099302842}",
    "3-18": "{\"rice\":0.008102651,\"beverage\":0.0306048705,\"western\":0.0398187423,\"sweetness\":0.2482652279,\"meat\":0.2605349566,\"spicy\":0.2651187421}",
    "3-19": "{\"sour_taste\":0.0006945129,\"raw\":0.00643582,\"beverage\":0.0135661529,\"meat\":0.3698975953,\"vegetable\":0.4581470403,\"korean\":0.589132182}",
    "3-20": "{\"spicy\":0.0084357914,\"beverage\":0.0225891747,\"offal\":0.0451783495,\"meat\":1.4493626932,\"japanese\":1.617234942,\"korean\":2.0298388724}",
    "3-21": "{\"grilled\":0.0007950976,\"raw\":0.0173596305,\"spicy\":0.0222627322,\"vegetable\":0.4557234296,\"meat\":0.5347031226,\"korean\":0.5684947697}",
    "9-13": "{\"alcohol\":0.1615207079,\"stinky\":0.0051239622,\"soda\":0.0102479244,\"fried\":0.4746984965,\"seafood\":0.614326466,\"western\":0.7407785327}",
    "9-17": "{\"alcohol\":0.1895750786,\"fruit\":0.1895750786,\"soda\":0.1895750786,\"japanese\":0.4770164794,\"meat\":0.6804499779,\"vegetable\":0.8852864661}",
    "9-18": "{\"alcohol\":0.2021167167,\"sweetness\":0.0012170513,\"dessert\":0.004868205,\"fried\":0.5735354056,\"western\":0.7265796013,\"korean\":0.7579186712}",
    "9-19": "{\"alcohol\":0.1668932249,\"rice\":0.0200813458,\"grilled\":0.0217547912,\"soup\":0.3438169805,\"vegetable\":0.5009687243,\"western\":0.5604521045}",
    "9-20": "{\"alcohol\":0.4256499487,\"stinky\":0.4256499487,\"fruit\":0.4256499487,\"meat\":1.2198823869,\"korean\":1.4665690296,\"japanese\":1.8576951673}",
    "9-21": "{\"alcohol\":0.1514503133,\"stinky\":0.1514503133,\"fruit\":0.1514503133,\"western\":0.4867890279,\"vegetable\":0.4985451136,\"japanese\":0.5433924033}",
    "13-17": "{\"alcohol\":0.2392985227,\"soup\":0.0088246015,\"soda\":0.0102479244,\"meat\":0.6524511846,\"vegetable\":0.710522756,\"korean\":0.7182086992}",
    "13-18": "{\"alcohol\":0.1036295629,\"raw\":0.0056795725,\"spice\":0.0126555692,\"rice\":0.2348379776,\"korean\":0.3483676939,\"meat\":0.5180140563}",
    "13-19": "{\"alcohol\":0.1598881983,\"spice\":0.000123469,\"sour_taste\":0.0019755035,\"wheat\":0.408311878,\"seafood\":0.4167077679,\"korean\":0.4354133165}",
    "13-20": "{\"alcohol\":0.4175445964,\"stinky\":0.0051239622,\"soda\":0.0102479244,\"meat\":1.1918835935,\"japanese\":1.5685573013,\"korean\":1.8761200069}",
    "13-21": "{\"alcohol\":0.1282521845,\"stinky\":0.0051239622,\"soda\":0.0102479244,\"vegetable\":0.3237814034,\"noodle\":0.3281986122,\"korean\":0.4147759043}",
    "17-18": "{\"alcohol\":0.295051164,\"beverage\":0.0014198931,\"offal\":0.0080460611,\"vegetable\":0.9167776674,\"korean\":1.0665763932,\"meat\":1.1704652409}",
    "17-19": "{\"alcohol\":0.1501484402,\"stinky\":0.001577659,\"seafood\":0.0156977074,\"rice\":0.3624671642,\"vegetable\":0.3843177418,\"meat\":0.540032689}",
    "17-20": "{\"alcohol\":0.3493641928,\"fruit\":0.3493641928,\"soda\":0.3493641928,\"chinese\":0.9689981816,\"korean\":1.1579113077,\"japanese\":1.3806786879}",
    "17-21": "{\"alcohol\":0.1503542612,\"soda\":0.1503542612,\"fruit\":0.1503542612,\"korean\":0.303432795,\"meat\":0.3752271617,\"vegetable\":0.3867413525}",
    "18-19": "{\"alcohol\":0.2108541305,\"asian\":0.0042596794,\"soda\":0.0085193588,\"vegetable\":0.5324599256,\"meat\":0.6304325519,\"korean\":0.7837810105}",
    "18-20": "{\"alcohol\":0.4754633373,\"soda\":0.0255580764,\"slimy\":0.0277398634,\"meat\":1.7098976498,\"japanese\":1.7153001701,\"korean\":2.2244877009}",
    "18-21": "{\"alcohol\":0.2081367488,\"beverage\":0.0034518092,\"wheat\":0.0225469237,\"vegetable\":0.5300363149,\"korean\":0.7631435982,\"meat\":0.7952380792}",
    "19-20": "{\"alcohol\":0.3775703635,\"vegetable\":0.0001038946,\"soda\":0.0340774352,\"meat\":1.0794650979,\"korean\":1.4407066904,\"japanese\":1.5576920321}",
    "19-21": "{\"alcohol\":0.1112755561,\"vegetable\":0.0024236107,\"fried\":0.0039659084,\"dessert\":0.2861329476,\"wheat\":0.2926693522,\"sweetness\":0.4013646198}",
    "20-21": "{\"alcohol\":0.3272574235,\"stinky\":0.3272574235,\"fruit\":0.3272574235,\"meat\":0.9146595706,\"japanese\":1.314302764,\"korean\":1.4613441027}"
}