{
    "1": "{\"\\uc0dd\\uc2dd\":1.4022975982,\"\\uc591\\uc2dd\":1.1343077775,\"\\uace0\\uae30\":0.6891439869}",
    "2": "{\"\\ud55c\\uc2dd\":0.0,\"\\uc77c\\uc2dd\":0.0,\"\\ubd80\\uc18d\\uace0\\uae30\":0.0}",
    "3": "{\"\\ud0c4\\uc0b0\":1.2481372565,\"\\ub9e4\\uc6b4\\ub9db\":1.2176781227,\"\\ubd80\\uc18d\\uace0\\uae30\":1.1807261676}",
    "9": "{\"\\uba74\":0.0,\"\\uc77c\\uc2dd\":0.0,\"\\ubd80\\uc18d\\uace0\\uae30\":0.0}",
    "13": "{\"\\uace0\\uae30\":1.7115177496,\"\\ud55c\\uc2dd\":0.4581003541,\"\\uc300\":0.34515153}",
    "17": "{\"\\ud55c\\uc2dd\":0.0,\"\\uc77c\\uc2dd\":0.0,\"\\ubd80\\uc18d\\uace0\\uae30\":0.0}",
    "18": "{\"\\ud55c\\uc2dd\":0.0,\"\\uc77c\\uc2dd\":0.0,\"\\ubd80\\uc18d\\uace0\\uae30\":0.0}",
    "19": "{\"\\uba74\":0.8058401052,\"\\uace0\\uae30\":0.5569220266,\"\\ud55c\\uc2dd\":0.3840619774}",
    "20": "{\"\\uc77c\\uc2dd\":0.1589006422,\"\\uad6d\\ubb3c\":0.1381031951,\"\\uace0\\uae30\":0.0830694595}",
    "21": "{\"\\ud55c\\uc2dd\":0.0,\"\\uc77c\\uc2dd\":0.0,\"\\ubd80\\uc18d\\uace0\\uae30\":0.0}"
}