userid,korean,japanese,chinese,western,fried,grilled,soup,stir_fried,raw,steamed,beverage,asian,sweetness,sour_taste,spicy,noodle,seafood,meat,vegetable,spice,rice,dessert,wheat
1,8.055555555555555,8.5,8.0,8.916666666666666,8.818181818181818,9.666666666666666,7.777777777777778,6.714285714285714,9.4,8.272727272727273,6.5,5.0,9.142857142857142,5.0,7.428571428571429,8.285714285714286,8.545454545454545,8.653846153846153,7.785714285714286,7.333333333333333,7.6,9.333333333333334,9.11111111111111
2,8.9,8.857142857142858,9.416666666666666,9.214285714285714,9.285714285714286,9.444444444444445,8.5625,8.785714285714286,9.6,8.714285714285714,10.0,8.0,8.857142857142858,,8.928571428571429,9.0,9.416666666666666,9.0,9.11111111111111,8.666666666666666,8.846153846153847,8.6,9.153846153846153
3,6.827586206896552,7.916666666666667,7.416666666666667,5.777777777777778,7.928571428571429,7.888888888888889,5.625,5.571428571428571,7.333333333333333,5.875,7.0,3.3333333333333335,7.3,9.0,7.928571428571429,6.333333333333333,7.333333333333333,7.538461538461538,6.466666666666667,3.3333333333333335,5.714285714285714,7.333333333333333,7.3
9,7.434782608695652,8.0,8.285714285714286,8.727272727272727,8.4,9.0,7.75,7.125,7.5,8.666666666666666,9.0,8.0,7.0,8.0,7.5,8.8,8.5,8.266666666666667,6.555555555555555,9.0,7.6,6.4,7.666666666666667
13,8.0,7.266666666666667,7.916666666666667,7.142857142857143,8.666666666666666,7.916666666666667,6.857142857142857,7.65,9.5,6.0,8.5,4.666666666666667,5.571428571428571,7.5,8.0625,8.0,6.083333333333333,8.548387096774194,7.125,5.571428571428571,8.1875,3.75,5.538461538461538
17,9.536585365853659,8.933333333333334,9.153846153846153,9.555555555555555,9.25,9.5,9.416666666666666,9.176470588235293,9.666666666666666,9.25,9.0,9.0,9.5,9.5,9.526315789473685,9.222222222222221,9.153846153846153,9.533333333333333,9.346153846153847,9.0,9.25,9.666666666666666,9.272727272727273
