{"intercept":{"19":7.972476085,"18":6.0174824449,"1":7.8791769559,"2":7.8910196647,"21":8.4793173157,"3":6.4335427318,"9":8.4563685642,"13":5.810193988,"20":9.0819418059,"17":9.4731250691},"korean":{"19":0.4666095164,"18":0.1721133881,"1":-0.0435166565,"2":0.0,"21":0.0,"3":0.0,"9":-0.6076543423,"13":0.7948360033,"20":0.0,"17":0.021416877},"japanese":{"19":-0.479371363,"18":0.2206715016,"1":-0.3571683429,"2":-0.0063606794,"21":-0.3162415346,"3":0.1969871143,"9":-0.1661884747,"13":0.0,"20":0.5614691694,"17":-0.4344557511},"chinese":{"19":0.0,"18":0.2785444617,"1":0.0,"2":0.0,"21":-0.1433299718,"3":0.0,"9":0.0,"13":0.76064899,"20":0.0,"17":-0.0581923266},"western":{"19":0.2158505961,"18":0.3969046582,"1":0.914782961,"2":0.8068801404,"21":0.0404720455,"3":0.0,"9":0.7443945388,"13":0.0,"20":0.0,"17":0.0},"fried":{"19":0.3017413039,"18":0.0,"1":0.0,"2":0.1135233097,"21":0.0,"3":0.447611452,"9":0.0,"13":0.033825098,"20":0.0,"17":0.0},"grilled":{"19":0.0,"18":0.3289583694,"1":0.1873042498,"2":0.5641504284,"21":0.0,"3":0.0975961734,"9":0.0901414054,"13":0.2401473223,"20":-0.1076035968,"17":0.0},"soup":{"19":0.0,"18":-0.3007633774,"1":-0.5660466725,"2":0.0,"21":0.0,"3":0.0,"9":0.0,"13":-0.2158666779,"20":0.0,"17":0.0},"stir_fried":{"19":0.0,"18":0.0,"1":-1.0303389729,"2":-0.2986857131,"21":0.0,"3":0.0,"9":-0.307273924,"13":0.0285692698,"20":-0.2563613344,"17":-0.0273180866},"raw":{"19":0.0,"18":-0.1785996842,"1":1.0907203789,"2":0.0,"21":0.0853499825,"3":0.0,"9":0.0,"13":0.4866146151,"20":0.0,"17":0.0},"steamed":{"19":-0.3159585726,"18":0.2282400357,"1":0.0,"2":-0.104491638,"21":-1.2416850965,"3":-0.5902875931,"9":0.0,"13":-0.4753927029,"20":0.0,"17":0.0},"beverage":{"19":0.0,"18":0.0228360453,"1":0.0,"2":-0.6688282648,"21":-0.3736134283,"3":0.0,"9":0.0,"13":-0.8828180013,"20":0.0,"17":0.0},"asian":{"19":-0.45573077,"18":0.5416408286,"1":0.0,"2":-0.4291322931,"21":0.0,"3":-1.9316420382,"9":0.0,"13":-0.9301836401,"20":0.0,"17":0.0},"sweetness":{"19":0.0,"18":-0.6130700246,"1":0.4655458632,"2":0.0,"21":-0.8494851572,"3":0.4584919393,"9":-0.4129108547,"13":0.7211683871,"20":0.402811463,"17":0.0},"sour_taste":{"19":-0.3535544871,"18":0.0,"1":0.0,"2":0.0,"21":0.0,"3":0.0,"9":-0.867772306,"13":0.4330860993,"20":-0.2619426177,"17":0.0},"spicy":{"19":0.2640731241,"18":-0.0960408986,"1":-0.1229318045,"2":0.0,"21":-0.1421208025,"3":0.7924152739,"9":-0.0359809586,"13":0.0,"20":-0.707895205,"17":0.0},"noodle":{"19":0.6477794469,"18":0.2634330456,"1":0.0,"2":0.1315599481,"21":0.0,"3":-0.1146134822,"9":0.3014227897,"13":0.2271532936,"20":0.6170580822,"17":0.0},"seafood":{"19":0.0,"18":-0.5851853132,"1":0.0,"2":0.3007074176,"21":-1.0578413079,"3":0.0,"9":0.0425812667,"13":-0.3732801375,"20":-0.9421140881,"17":0.0},"meat":{"19":0.4429140241,"18":0.0478826523,"1":0.6900822251,"2":0.5097286024,"21":0.0,"3":0.6162788413,"9":0.5566083147,"13":1.9235626686,"20":0.5152885815,"17":0.0383641978},"vegetable":{"19":-0.0355657601,"18":-0.0508772922,"1":-0.8996589477,"2":-0.3668573047,"21":0.0,"3":-0.1693655212,"9":-1.8038853691,"13":-0.2521840797,"20":0.0,"17":-0.1950621871},"spice":{"19":-0.58113863,"18":0.0,"1":0.0,"2":0.0,"21":0.0,"3":0.0,"9":0.5237371764,"13":0.0,"20":0.0,"17":0.0},"rice":{"19":0.0382252092,"18":0.0,"1":-0.1178856046,"2":0.029731381,"21":-0.2117787878,"3":0.0,"9":-0.1212208676,"13":0.8588216232,"20":0.0,"17":0.0},"dessert":{"19":-0.4543601969,"18":0.0,"1":0.0,"2":-0.2103990333,"21":-1.4337693679,"3":0.0,"9":-1.8882904231,"13":-1.4673758014,"20":0.0,"17":0.0},"wheat":{"19":0.0,"18":-0.1149628462,"1":0.1982902346,"2":0.0,"21":0.0,"3":0.0010484712,"9":0.0,"13":0.0,"20":0.3757768773,"17":0.0},"soda":{"19":0.0,"18":0.0,"1":0.0,"2":0.0,"21":0.0,"3":0.0,"9":0.0,"13":0.0,"20":0.0,"17":0.0},"slimy":{"19":0.0,"18":-0.2141596987,"1":-0.0102976448,"2":0.0,"21":0.0,"3":0.0,"9":0.0,"13":-3.1289180731,"20":0.0,"17":0.0},"fruit":{"19":0.0,"18":-0.0373825812,"1":0.0,"2":0.0,"21":0.0,"3":0.0,"9":0.0,"13":0.0,"20":0.0,"17":0.0},"stinky":{"19":0.0,"18":0.0,"1":-0.1899546792,"2":0.0,"21":0.0,"3":0.0,"9":0.0,"13":0.0,"20":0.0,"17":0.0},"chewy":{"19":-0.401227826,"18":-0.2042048852,"1":0.0,"2":0.0,"21":0.0,"3":0.2035842425,"9":0.0,"13":0.0,"20":0.0,"17":0.0},"offal":{"19":0.0,"18":0.0,"1":0.0,"2":0.21499912,"21":0.0,"3":0.6369813268,"9":0.0,"13":0.0,"20":0.3536996807,"17":0.0},"alcohol":{"19":0.0,"18":0.0,"1":0.0,"2":0.0,"21":0.0,"3":-2.3746385426,"9":0.0,"13":0.0,"20":0.0,"17":0.0}}