{"intercept":{"1":7.5170927904,"2":8.0948905109,"3":6.4985414037,"9":8.2433055076,"13":5.813059626,"17":9.3518518519,"18":6.0361445783,"19":8.0775131479,"20":9.5189776954,"21":7.9310344828},"korean":{"1":0.0,"2":0.0,"3":-0.4317637511,"9":-0.3114485567,"13":0.4581003541,"17":0.0,"18":0.0,"19":0.3840619774,"20":0.0,"21":0.0},"japanese":{"1":0.0,"2":0.0,"3":0.6171010148,"9":0.0,"13":0.0,"17":0.0,"18":0.0,"19":-0.600818583,"20":0.1589006422,"21":0.0},"chinese":{"1":0.0,"2":0.0,"3":0.0160857183,"9":0.0,"13":0.0,"17":0.0,"18":0.0,"19":0.0,"20":0.0,"21":0.0},"western":{"1":1.1343077775,"2":0.0,"3":-0.2363727223,"9":0.0,"13":0.0,"17":0.0,"18":0.0,"19":0.3402966147,"20":0.0,"21":0.0},"fried":{"1":0.0,"2":0.0,"3":0.4339617693,"9":0.0,"13":0.0,"17":0.0,"18":0.0,"19":0.2496267602,"20":0.0,"21":0.0},"grilled":{"1":0.2896397224,"2":0.0,"3":0.2429335413,"9":0.0,"13":0.0,"17":0.0,"18":0.0,"19":0.0,"20":0.0,"21":0.0},"soup":{"1":-0.2743612012,"2":0.0,"3":0.1778154521,"9":0.0,"13":0.0,"17":0.0,"18":0.0,"19":0.0,"20":0.1381031951,"21":0.0},"stir_fried":{"1":-0.7688425031,"2":0.0,"3":-0.4034332517,"9":0.0,"13":0.0,"17":0.0,"18":0.0,"19":0.0,"20":0.0,"21":0.0},"raw":{"1":1.4022975982,"2":0.0,"3":0.8510657039,"9":0.0,"13":0.0,"17":0.0,"18":0.0,"19":-0.1054516154,"20":0.0,"21":0.0},"steamed":{"1":0.0,"2":0.0,"3":-0.8009798194,"9":0.0,"13":-0.2077400852,"17":0.0,"18":0.0,"19":-0.4914740447,"20":0.0,"21":0.0},"beverage":{"1":0.0,"2":0.0,"3":0.0,"9":0.0,"13":0.0,"17":0.0,"18":0.0,"19":0.0,"20":0.0,"21":0.0},"asian":{"1":0.0,"2":0.0,"3":-2.3175691244,"9":0.0,"13":0.0,"17":0.0,"18":0.0,"19":-0.6388322924,"20":0.0,"21":0.0},"sweetness":{"1":0.685276866,"2":0.0,"3":0.3539321598,"9":0.0,"13":0.0,"17":0.0,"18":0.0,"19":0.0,"20":0.0,"21":0.0},"sour_taste":{"1":0.0,"2":0.0,"3":0.0,"9":0.0,"13":0.0,"17":0.0,"18":0.0,"19":-0.7782778138,"20":0.0,"21":0.0},"spicy":{"1":-0.0288843725,"2":0.0,"3":1.2176781227,"9":0.0,"13":0.0,"17":0.0,"18":0.0,"19":0.2924122437,"20":-0.6313701562,"21":0.0},"noodle":{"1":0.0,"2":0.0,"3":-0.0236644939,"9":0.0,"13":0.0,"17":0.0,"18":0.0,"19":0.8058401052,"20":0.0,"21":0.0},"seafood":{"1":0.0,"2":0.0,"3":0.1240480396,"9":0.0,"13":0.0,"17":0.0,"18":0.0,"19":-0.0013508653,"20":-0.6908831114,"21":0.0},"meat":{"1":0.6891439869,"2":0.0,"3":0.8141063429,"9":0.0,"13":1.7115177496,"17":0.0,"18":0.0,"19":0.5569220266,"20":0.0830694595,"21":0.0},"vegetable":{"1":-0.929688661,"2":0.0,"3":-0.6408365236,"9":-0.6143998263,"13":0.0,"17":0.0,"18":0.0,"19":-0.0223226534,"20":0.0,"21":0.0},"spice":{"1":0.0,"2":0.0,"3":0.0,"9":0.0,"13":0.0,"17":0.0,"18":0.0,"19":-0.8163586662,"20":0.0,"21":0.0},"rice":{"1":-0.0505167954,"2":0.0,"3":0.0,"9":0.0,"13":0.34515153,"17":0.0,"18":0.0,"19":0.3813315973,"20":0.0,"21":0.0},"dessert":{"1":0.0,"2":0.0,"3":0.0,"9":0.0,"13":0.0,"17":0.0,"18":0.0,"19":-0.4665877511,"20":0.0,"21":0.0},"wheat":{"1":0.3288128663,"2":0.0,"3":0.3134126126,"9":0.0,"13":0.0,"17":0.0,"18":0.0,"19":-0.0512336924,"20":0.0,"21":0.0},"soda":{"1":0.0,"2":0.0,"3":1.2481372565,"9":0.0,"13":0.0,"17":0.0,"18":0.0,"19":0.0,"20":0.0,"21":0.0},"slimy":{"1":0.0,"2":0.0,"3":-0.4802421427,"9":0.0,"13":0.0,"17":0.0,"18":0.0,"19":0.2818036949,"20":0.0,"21":0.0},"fruit":{"1":0.0,"2":0.0,"3":0.6014217665,"9":0.0,"13":0.0,"17":0.0,"18":0.0,"19":0.0,"20":0.0,"21":0.0},"stinky":{"1":0.0,"2":0.0,"3":0.0,"9":0.0,"13":0.0,"17":0.0,"18":0.0,"19":0.0,"20":0.0,"21":0.0},"chewy":{"1":0.0,"2":0.0,"3":0.3713831055,"9":0.0,"13":0.0,"17":0.0,"18":0.0,"19":-0.7878159888,"20":0.0,"21":0.0},"offal":{"1":0.0,"2":0.0,"3":1.1807261676,"9":0.0,"13":0.0,"17":0.0,"18":0.0,"19":-0.0089761331,"20":0.0,"21":0.0},"alcohol":{"1":0.0,"2":0.0,"3":-2.8959634521,"9":0.0,"13":0.0,"17":0.0,"18":0.0,"19":0.0,"20":0.0,"21":0.0}}