{
    "1-2": "{\"soda\":0.0,\"wheat\":0.0561525973,\"sour_taste\":0.1346870059}",
    "1-3": "{\"offal\":0.0,\"soup\":0.007856742,\"chinese\":0.011785113}",
    "1-9": "{\"korean\":0.0711553994,\"vegetable\":0.1077496048,\"rice\":0.1212183053}",
    "1-13": "{\"rice\":0.0038852021,\"korean\":0.0240149473,\"vegetable\":0.0763226367}",
    "1-17": "{\"raw\":0.3535533906,\"western\":0.5257973501,\"wheat\":0.5537270014}",
    "1-18": "{\"spice\":0.1414213562,\"stir_fried\":0.196165107,\"beverage\":0.4714045208}",
    "1-19": "{\"steamed\":0.0505076272,\"western\":0.0543928293,\"grilled\":0.0664801247}",
    "1-20": "{\"grilled\":0.3263569759,\"seafood\":0.3473506995,\"steamed\":0.656599154}",
    "1-21": "{\"chewy\":0.0,\"japanese\":0.0389421126,\"rice\":0.0658795138}",
    "2-3": "{\"stinky\":0.0,\"beverage\":0.0,\"spicy\":0.1454619664}",
    "2-9": "{\"seafood\":0.0267843478,\"japanese\":0.0307437731,\"stir_fried\":0.0333316328}",
    "2-13": "{\"stir_fried\":0.1664881046,\"offal\":0.2357022604,\"meat\":0.2613328209}",
    "2-17": "{\"offal\":0.0,\"chewy\":0.0,\"western\":0.3198816391}",
    "2-18": "{\"stinky\":0.0,\"beverage\":0.0,\"asian\":0.0}",
    "2-19": "{\"sour_taste\":0.0126269068,\"fried\":0.0418681647,\"japanese\":0.0576445746}",
    "2-20": "{\"offal\":0.0,\"grilled\":0.0,\"chewy\":0.0}",
    "2-21": "{\"spicy\":0.0318198052,\"korean\":0.0415945165,\"raw\":0.1178511302}",
    "3-9": "{\"raw\":0.081589244,\"vegetable\":0.0892301414,\"spicy\":0.2693740119}",
    "3-13": "{\"sour_taste\":0.0294627825,\"raw\":0.0310816168,\"chewy\":0.0589255651}",
    "3-17": "{\"offal\":0.9428090416,\"fried\":0.9502522709,\"japanese\":0.9751603322}",
    "3-18": "{\"beverage\":0.0,\"stinky\":0.0,\"stir_fried\":0.0214681376}",
    "3-19": "{\"dessert\":0.1142798838,\"japanese\":0.304448753,\"sour_taste\":0.324090608}",
    "3-20": "{\"raw\":0.1994403742,\"spicy\":0.3788072042,\"sour_taste\":0.4714045208}",
    "3-21": "{\"japanese\":0.0239118235,\"fried\":0.0942809042,\"spicy\":0.1136421613}",
    "9-13": "{\"vegetable\":0.0314269681,\"korean\":0.0471404521,\"raw\":0.0505076272}",
    "9-17": "{\"beverage\":0.0,\"spice\":0.2777919498,\"noodle\":0.4478342948}",
    "9-18": "{\"chewy\":0.2357022604,\"sour_taste\":0.4419417382,\"vegetable\":0.5474064741}",
    "9-19": "{\"fried\":0.0562471303,\"japanese\":0.0883883476,\"chinese\":0.1052242234}",
    "9-20": "{\"seafood\":0.0589255651,\"grilled\":0.1178511302,\"raw\":0.1178511302}",
    "9-21": "{\"slimy\":0.0,\"noodle\":0.0353553391,\"sweetness\":0.0420896894}",
    "13-17": "{\"offal\":0.2357022604,\"meat\":0.985663998,\"grilled\":1.0878565864}",
    "13-18": "{\"noodle\":0.0424264069,\"seafood\":0.0570247404,\"western\":0.0950731807}",
    "13-19": "{\"grilled\":0.3142696805,\"sour_taste\":0.3535533906,\"chewy\":0.3928371007}",
    "13-20": "{\"raw\":0.1683587574,\"offal\":0.2357022604,\"sour_taste\":0.4419417382}",
    "13-21": "{\"meat\":0.0062970548,\"rice\":0.0697647159,\"chinese\":0.2232968783}",
    "17-18": "{\"beverage\":1.4142135624,\"asian\":1.4142135624,\"spice\":1.6566501731}",
    "17-19": "{\"noodle\":0.0942809042,\"soup\":0.3580861264,\"stir_fried\":0.404875657}",
    "17-20": "{\"offal\":0.0,\"chewy\":0.0,\"stir_fried\":0.0883883476}",
    "17-21": "{\"sour_taste\":0.2828427125,\"offal\":0.4714045208,\"noodle\":0.4831896338}",
    "18-19": "{\"asian\":0.0883883476,\"spice\":0.2121320344,\"beverage\":0.7071067812}",
    "18-20": "{\"sour_taste\":0.2651650429,\"raw\":1.6027753707,\"steamed\":1.7284832429}",
    "18-21": "{\"steamed\":0.2671292284,\"asian\":0.3535533906,\"beverage\":0.4714045208}",
    "19-20": "{\"seafood\":0.1216527796,\"raw\":0.2357022604,\"korean\":0.2469596818}",
    "19-21": "{\"grilled\":0.019641855,\"soup\":0.1999736372,\"wheat\":0.2178213993}",
    "20-21": "{\"spicy\":0.2651650429,\"grilled\":0.4124789557,\"offal\":0.4714045208}"
}