{"korean":{"1":7.5555555556,"2":8.1132075472,"3":6.08,"9":6.625,"13":7.4423076923,"17":9.0},"japanese":{"1":7.6153846154,"2":8.1111111111,"3":7.15,"9":7.0,"13":6.9047619048,"17":8.35},"chinese":{"1":7.4285714286,"2":8.4444444444,"3":6.6470588235,"9":8.0,"13":7.8125,"17":8.9411764706},"western":{"1":8.9230769231,"2":9.3076923077,"3":6.1428571429,"9":8.2142857143,"13":6.3076923077,"17":9.3076923077},"fried":{"1":8.5,"2":8.7647058824,"3":7.7894736842,"9":8.1538461538,"13":7.3333333333,"17":9.1176470588},"grilled":{"1":8.25,"2":8.75,"3":7.5,"9":7.5,"13":8.3333333333,"17":9.4545454545},"soup":{"1":7.1764705882,"2":8.2,"3":5.8095238095,"9":7.1428571429,"13":6.2105263158,"17":8.2777777778},"stir_fried":{"1":6.625,"2":7.8181818182,"3":4.45,"9":6.8571428571,"13":7.24,"17":9.1904761905},"raw":{"1":9.2,"2":9.0,"3":7.0,"9":6.25,"13":8.0,"17":9.6},"steamed":{"1":8.1,"2":8.0714285714,"3":5.7857142857,"9":6.875,"13":6.3076923077,"17":8.7692307692},"beverage":{"1":6.5,"2":7.25,"3":7.0,"9":9.0,"13":5.75,"17":8.3333333333},"asian":{"1":5.0,"2":7.375,"3":4.0,"9":6.0,"13":5.0,"17":8.5714285714},"sweetness":{"1":8.6,"2":7.625,"3":6.8947368421,"9":7.0,"13":6.15,"17":8.6153846154},"sour_taste":{"1":5.5,"2":6.5,"3":6.0,"9":4.5,"13":7.2,"17":9.5},"spicy":{"1":7.1428571429,"2":8.1739130435,"3":6.7619047619,"9":6.8421052632,"13":7.4166666667,"17":9.35},"noodle":{"1":7.3333333333,"2":8.4666666667,"3":5.9285714286,"9":7.1666666667,"13":7.0714285714,"17":8.1538461538},"seafood":{"1":8.0769230769,"2":8.3333333333,"3":6.6315789474,"9":7.6,"13":6.125,"17":8.6111111111},"meat":{"1":8.0588235294,"2":8.6976744186,"3":7.0526315789,"9":7.2068965517,"13":8.0,"17":9.1282051282},"vegetable":{"1":7.25,"2":7.9142857143,"3":5.78125,"9":6.5909090909,"13":6.6571428571,"17":8.9696969697},"spice":{"1":7.3333333333,"2":7.8888888889,"3":4.125,"9":8.3333333333,"13":5.6666666667,"17":8.375},"rice":{"1":7.1875,"2":8.05,"3":5.2222222222,"9":6.9285714286,"13":7.5909090909,"17":9.0},"dessert":{"1":8.8571428571,"2":7.3333333333,"3":6.9090909091,"9":6.2,"13":4.5,"17":8.25},"wheat":{"1":8.5,"2":8.4444444444,"3":6.8235294118,"9":7.5555555556,"13":5.4,"17":8.75}}